n	file
1	ornek-teklif.pdf
2	ornek-sozlesme.pdf
3	ornek-tasarim.jpg
4	ornek-uygulama-gorseli.png
5	ornek-fatura.pdf
6	ornek-sozlesme.pdf
7	ornek-sozlesme.pdf
8	ornek-teklif.pdf
9	ornek-sozlesme.pdf
10	ornek-uygulama-gorseli.png
11	ornek-fatura.pdf
12	ornek-teklif.pdf
13	ornek-sozlesme.pdf
14	ornek-tasarim.jpg
15	ornek-uygulama-gorseli.png
16	ornek-teklif.pdf
17	ornek-sozlesme.pdf
18	ornek-tasarim.jpg
19	ornek-teklif.pdf
20	ornek-teklif.pdf
21	ornek-sozlesme.pdf
22	ornek-tasarim.jpg
23	ornek-teklif.pdf
24	ornek-katalog.pdf
